{"cameraMode":{"drawMode":0,"name":"Shaded","section":"Shading Mode"},"sceneLighting":false,"audioPlay":false,"sceneViewState":{"showFog":true,"showMaterialUpdate":false,"showSkybox":false,"showFlares":true,"showImageEffects":true,"showParticleSystems":true},"in2DMode":false,"pivot":{"x":-9.220000267028809,"y":2.059999942779541,"z":4.800000190734863},"rotation":{"x":-0.053214672952890399,"y":0.90703946352005,"z":-0.12071533501148224,"w":-0.39984703063964846},"size":10.596806526184082,"orthographic":false}