{"cameraMode":{"drawMode":0,"name":"Shaded","section":"Shading Mode"},"sceneLighting":false,"audioPlay":false,"sceneViewState":{"showFog":true,"showMaterialUpdate":false,"showSkybox":false,"showFlares":true,"showImageEffects":true,"showParticleSystems":true},"in2DMode":false,"pivot":{"x":0.0,"y":1.2879999876022339,"z":1.5299999713897706},"rotation":{"x":-0.053214672952890399,"y":0.90703946352005,"z":-0.12071533501148224,"w":-0.39984703063964846},"size":0.050000011920928958,"orthographic":false}